{"count":1,"self":16.893201599999998,"total":17.98968,"children":{"InitializeActuators":{"count":1,"self":0.000708,"total":0.000708,"children":null},"InitializeSensors":{"count":1,"self":0.0027689999999999998,"total":0.0027689999999999998,"children":null},"AgentSendState":{"count":851,"self":0.0025499999999999997,"total":0.003685,"children":{"CollectObservations":{"count":171,"self":0.000167,"total":0.000167,"children":null},"WriteActionMask":{"count":171,"self":0.00022999999999999998,"total":0.00022999999999999998,"children":null},"RequestDecision":{"count":171,"self":0.00073799999999999994,"total":0.00073799999999999994,"children":null}}},"DecideAction":{"count":851,"self":0.514763,"total":1.0853789999999999,"children":{"CameraSensor.WriteToTensor":{"count":171,"self":0.570616,"total":0.570616,"children":null}}},"AgentAct":{"count":851,"self":0.0032819999999999998,"total":0.0032819999999999998,"children":null}},"gauges":{"My Behavior.CumulativeReward":{"count":5,"max":-7,"min":-60,"runningAverage":-18.2,"value":-9,"weightedAverage":-15.2695313}},"metadata":{"timer_format_version":"0.1.0","start_time_seconds":"1750894029","unity_version":"2019.4.40f1","command_line_arguments":"Builds\/RandomTest\/LinuxHeadless.x86_64 --model=.\/example_model.onnx --episodes=5","communication_protocol_version":"1.5.0","com.unity.ml-agents_version":"2.0.1","scene_name":"main","end_time_seconds":"1750894047"}}